{
  "models/neural_net_model_20250428_113134": -7.292627861950267,
  "mlp_20250508_133801": 0.000974,
  "mlp_20250508_225321": 0.05836946,
  "mlp_20250509_231027": -0.03155816,
  "mlp_20250510_020758": -0.07292116,
  "mlp_20250510_024506": -0.01907492,
  "mlp_20250528_012405": -0.11381531,
  "mlp_20250601_011200": -0.03426826,
  "mlp_20250531_234211": -Infinity,
  "mlp_20250601_132816": -3.69893968,
  "mlp_20250601_215447": -2.34962523,
  "mlp_20250601_215721": -1.8922905
}